OrderID,CustomerID,EmployeeID,OrderDate
1,197,5,1/30/2022
2,94,6,7/2/2022
3,97,3,11/25/2022
4,128,2,5/4/2022
5,61,8,3/5/2022
6,135,5,8/17/2022
7,166,5,4/22/2022
8,91,8,3/3/2022
9,195,8,10/31/2022
10,115,8,11/30/2022
11,71,5,6/18/2022
12,26,1,8/10/2022
13,1,7,8/2/2022
14,116,4,7/14/2022
15,23,8,7/22/2022
16,110,9,12/20/2022
17,165,8,3/21/2022
18,160,5,1/14/2022
19,57,9,4/23/2022
20,33,2,2/28/2022
21,171,10,5/28/2022
22,113,8,8/27/2022
23,26,1,5/26/2022
24,3,3,1/18/2022
25,68,8,10/23/2022
26,88,10,1/30/2022
27,22,8,12/5/2022
28,8,3,3/13/2022
29,144,8,4/1/2022
30,106,5,8/3/2022
31,61,6,12/13/2022
32,32,4,7/6/2022
33,100,4,5/24/2022
34,13,10,1/16/2022
35,51,4,9/21/2022
36,141,10,6/27/2022
37,147,8,11/6/2022
38,51,10,1/14/2022
39,180,9,3/24/2022
40,181,9,2/12/2022
41,56,6,8/8/2022
42,152,3,5/4/2022
43,165,5,3/24/2022
44,67,9,1/12/2022
45,56,2,11/14/2022
46,114,3,9/10/2022
47,165,6,6/10/2022
48,39,5,3/21/2022
49,110,6,11/25/2022
50,186,8,5/20/2022
51,146,2,5/24/2022
52,7,9,12/21/2022
53,72,1,2/10/2022
54,31,4,4/27/2022
55,181,6,1/28/2022
56,65,8,12/7/2022
57,124,2,11/20/2022
58,145,9,9/28/2022
59,195,9,10/10/2022
60,154,7,7/1/2022
61,138,8,2/9/2022
62,195,1,1/11/2022
63,148,2,12/6/2022
64,14,6,8/6/2022
65,164,2,3/22/2022
66,175,7,7/5/2022
67,67,6,5/10/2022
68,166,9,10/19/2022
69,84,6,3/18/2022
70,28,9,11/11/2022
71,84,7,11/9/2022
72,130,1,7/29/2022
73,116,2,11/8/2022
74,27,8,5/19/2022
75,145,8,2/17/2022
76,124,3,9/25/2022
77,55,2,8/1/2022
78,19,6,9/23/2022
79,21,4,5/29/2022
80,143,10,1/28/2022
81,138,9,1/8/2022
82,27,2,1/15/2022
83,189,9,8/20/2022
84,167,3,1/7/2022
85,61,5,3/25/2022
86,148,2,9/16/2022
87,168,8,10/24/2022
88,46,8,12/22/2022
89,161,4,11/12/2022
90,75,2,2/25/2022
91,92,5,3/30/2022
92,19,2,1/16/2022
93,114,3,2/21/2022
94,177,7,3/19/2022
95,52,10,8/5/2022
96,105,2,4/14/2022
97,61,8,4/18/2022
98,16,7,1/27/2022
99,73,9,12/2/2022
100,86,3,2/22/2022
101,142,5,9/22/2022
102,39,5,12/25/2022
103,94,1,3/3/2022
104,188,2,2/10/2022
105,15,3,3/4/2022
106,4,8,1/14/2022
107,46,10,12/23/2022
108,120,2,12/14/2022
109,158,7,4/28/2022
110,19,7,8/4/2022
111,186,6,3/27/2022
112,200,7,3/30/2022
113,125,4,3/22/2022
114,150,10,1/24/2022
115,187,6,3/23/2022
116,120,10,9/16/2022
117,139,3,1/17/2022
118,133,7,1/30/2022
119,182,1,2/2/2022
120,60,9,5/12/2022
121,135,7,9/10/2022
122,173,10,8/1/2022
123,100,9,11/2/2022
124,185,2,9/12/2022
125,51,5,5/18/2022
126,32,4,9/19/2022
127,112,9,5/9/2022
128,63,5,7/9/2022
129,120,5,12/19/2022
130,61,10,4/13/2022
131,27,5,5/13/2022
132,113,6,10/20/2022
133,90,7,5/2/2022
134,101,5,3/12/2022
135,121,2,8/28/2022
136,73,6,1/11/2022
137,80,1,12/12/2022
138,148,2,3/17/2022
139,159,3,2/26/2022
140,137,6,5/13/2022
141,182,6,8/15/2022
142,16,2,5/24/2022
143,105,2,7/27/2022
144,129,9,9/1/2022
145,155,2,7/2/2022
146,8,1,1/23/2022
147,73,6,12/21/2022
148,169,4,3/10/2022
149,31,8,12/29/2022
150,130,3,9/18/2022
151,85,2,1/6/2022
152,35,3,10/10/2022
153,77,8,4/22/2022
154,136,2,7/30/2022
155,38,1,12/28/2022
156,36,4,11/22/2022
157,151,8,6/27/2022
158,102,6,9/25/2022
159,55,9,12/9/2022
160,86,5,12/14/2022
161,32,5,9/10/2022
162,188,7,8/31/2022
163,196,3,1/7/2022
164,167,5,3/2/2022
165,146,2,10/2/2022
166,93,2,3/18/2022
167,124,8,7/10/2022
168,121,7,2/27/2022
169,106,5,2/23/2022
170,177,3,9/20/2022
171,32,7,5/8/2022
172,59,1,3/10/2022
173,145,6,6/8/2022
174,125,10,6/4/2022
175,82,5,9/2/2022
176,2,4,2/13/2022
177,172,3,10/14/2022
178,92,2,10/23/2022
179,149,5,4/22/2022
180,39,2,12/3/2022
181,165,2,6/8/2022
182,5,10,12/28/2022
183,157,5,8/10/2022
184,165,8,6/15/2022
185,67,2,2/26/2022
186,167,6,11/18/2022
187,7,10,1/24/2022
188,102,1,10/25/2022
189,75,3,7/12/2022
190,178,3,6/2/2022
191,165,4,6/5/2022
192,163,1,2/6/2022
193,26,10,7/24/2022
194,38,6,4/30/2022
195,170,6,7/8/2022
196,191,2,2/24/2022
197,46,4,9/20/2022
198,7,2,2/1/2022
199,153,10,2/11/2022
200,80,3,11/24/2022
201,160,4,2/9/2022
202,112,10,11/4/2022
203,164,5,8/18/2022
204,58,3,1/16/2022
205,93,8,6/17/2022
206,71,7,8/6/2022
207,174,10,3/30/2022
208,185,4,11/27/2022
209,158,5,5/17/2022
210,144,9,9/7/2022
211,3,3,7/5/2022
212,19,7,2/27/2022
213,66,8,2/20/2022
214,8,5,7/29/2022
215,146,10,12/3/2022
216,3,10,2/3/2022
217,20,7,1/6/2022
218,83,7,5/21/2022
219,68,5,2/27/2022
220,70,9,2/13/2022
221,161,9,5/28/2022
222,145,9,12/29/2022
223,5,1,1/22/2022
224,122,3,7/30/2022
225,134,7,12/12/2022
226,151,1,12/6/2022
227,32,7,2/14/2022
228,31,4,9/28/2022
229,123,9,6/15/2022
230,38,8,3/11/2022
231,33,3,7/17/2022
232,113,8,2/13/2022
233,161,6,12/19/2022
234,56,7,9/11/2022
235,141,8,1/5/2022
236,18,1,1/25/2022
237,134,1,9/11/2022
238,166,7,1/5/2022
239,57,6,9/10/2022
240,3,8,11/14/2022
241,43,9,8/3/2022
242,104,9,10/19/2022
243,40,3,7/30/2022
244,193,6,3/30/2022
245,128,2,8/25/2022
246,143,4,1/31/2022
247,93,7,2/6/2022
248,192,3,12/6/2022
249,145,5,10/8/2022
250,17,9,12/23/2022
251,128,6,10/23/2022
252,70,4,2/24/2022
253,114,6,9/23/2022
254,118,4,4/24/2022
255,190,7,12/22/2022
256,168,2,3/1/2022
257,195,5,2/19/2022
258,199,8,5/27/2022
259,140,9,3/25/2022
260,160,1,5/6/2022
261,175,6,7/5/2022
262,142,9,1/1/2022
263,62,2,4/24/2022
264,37,8,2/8/2022
265,189,4,9/23/2022
266,169,9,9/25/2022
267,165,8,6/12/2022
268,103,4,11/18/2022
269,61,3,11/12/2022
270,10,7,6/18/2022
271,174,3,10/19/2022
272,28,8,4/7/2022
273,177,1,11/19/2022
274,190,1,8/18/2022
275,128,1,12/11/2022
276,47,10,12/30/2022
277,7,4,5/23/2022
278,120,7,6/4/2022
279,21,10,7/16/2022
280,19,2,8/25/2022
281,116,7,3/6/2022
282,74,8,11/22/2022
283,196,3,1/23/2022
284,76,8,8/28/2022
285,174,1,7/14/2022
286,185,2,6/29/2022
287,114,5,2/14/2022
288,195,9,4/28/2022
289,107,4,1/10/2022
290,152,3,7/16/2022
291,48,7,12/5/2022
292,128,6,1/28/2022
293,164,9,12/21/2022
294,192,6,10/5/2022
295,131,1,10/9/2022
296,33,4,12/11/2022
297,153,9,12/5/2022
298,187,3,11/30/2022
299,2,8,8/26/2022
300,166,4,6/27/2022
